{"Porsche taycan": [{"titulo": "Mitsubishi Montero 4x4 amb Reductora", "precio": 11900}, {"titulo": "Nissan Patrol Y61 TD6 Reductora amb bloquejos", "precio": 13900}, {"titulo": "Mercedes-Benz Clase E Clasico 1981", "precio": 14400}, {"titulo": "BMW 328i GT M nacional", "precio": 18499}, {"titulo": "Mercedes-Benz Ml 2013", "precio": 20350}], "Porsche": [{"titulo": "FIAT Scudo 145.000km unico propietario", "precio": 2000}, {"titulo": "Porsche 911 1997", "precio": 2000}, {"titulo": "Audi A4 1.9 QUATTRO", "precio": 2000}, {"titulo": "SEAT M\u00c1LAGA", "precio": 2000}, {"titulo": "Audi A3 Forjado\u2705", "precio": 2000}], "Seat Mii": [{"titulo": "SEAT 124D", "precio": 2800}, {"titulo": "SEAT Mii 2011", "precio": 2850}, {"titulo": "SEAT 127 Cl de 1979", "precio": 3000}, {"titulo": "SEAT Mii 2011", "precio": 3000}, {"titulo": "SEAT Mii 2011", "precio": 3000}], "KADJAR": [{"titulo": "\u00a1\u00a1\u00a1DESDE 312\u20ac/MES Y DOS AN\u0303OS DE GARANTI\u0301A!!!", "precio": 2060}, {"titulo": "Renault Kadjar 2018", "precio": 3000}, {"titulo": "Nissan Primera 2.0i 140cv 2003", "precio": 3990}, {"titulo": "Renault Kadjar 2017. inundado!", "precio": 4300}, {"titulo": "Renault Kadjar 2017", "precio": 4400}]}